0, 0.3558334
1, 0.36
2, 0.3766667
3, 0.3766667
4, 0.3711111
5, 0.3766667
6, 0.3766667
7, 0.3766667
8, 0.3891667
9, 0.41
10, 0.4266667
11, 0.4266667
12, 0.4266667
13, 0.4144444
14, 0.4322222
15, 0.4288889
16, 0.4355555
17, 0.4280556
18, 0.43
19, 0.4388889
20, 0.4411111
21, 0.4433334
22, 0.45
23, 0.45
24, 0.45
25, 0.4466667
26, 0.4533334
27, 0.4533334
28, 0.4501587
29, 0.4715873
30, 0.4715873
31, 0.488254
32, 0.4793651
33, 0.4904762
34, 0.4904762
35, 0.4904762
36, 0.4873016
37, 0.4887302
38, 0.4953969
39, 0.4953969
40, 0.4922222
41, 0.4880953
42, 0.4992064
43, 0.4903175
44, 0.4969842
45, 0.5025398
46, 0.5025398
47, 0.5128969
48, 0.5237302
49, 0.5237302
50, 0.5237302
51, 0.5181746
52, 0.5203969
53, 0.5259525
54, 0.5259525
55, 0.5259525
56, 0.5392858
57, 0.5448413
58, 0.5295635
59, 0.5345238
60, 0.5411111
61, 0.5375397
62, 0.5514286
63, 0.5480953
64, 0.5547619
65, 0.5547619
66, 0.5515873
67, 0.5530159
68, 0.5555159
69, 0.5596826
70, 0.5563492
71, 0.5619048
72, 0.5619048
73, 0.5619048
74, 0.5619048
75, 0.5553969
76, 0.562381
77, 0.5690477
78, 0.5690477
79, 0.5662699
80, 0.5699736
81, 0.5699736
82, 0.5699736
83, 0.5669974
84, 0.5646561
85, 0.5760847
86, 0.5719181
87, 0.5689419
88, 0.5689419
89, 0.5731086
90, 0.5709656
91, 0.5792064
92, 0.5730953
93, 0.5856879
94, 0.5879102
95, 0.5890081
96, 0.5923414
97, 0.596508
98, 0.596508
99, 0.596508
100, 0.596508
101, 0.5931747
102, 0.5998413
103, 0.596508
104, 0.5987302
105, 0.6011112
106, 0.6030953
107, 0.606799
108, 0.606799
109, 0.6026323
110, 0.599299
111, 0.5987434
112, 0.6089948
113, 0.6137567
114, 0.6274471
115, 0.6316138
116, 0.6316138
117, 0.6282805
118, 0.6305027
119, 0.6328837
120, 0.6376455
121, 0.6376455
122, 0.6287566
123, 0.6398678
124, 0.6398678
125, 0.6333598
126, 0.6447884
127, 0.6447884
128, 0.6414551
129, 0.6481217
130, 0.6481217
131, 0.6439551
132, 0.6451455
133, 0.6459789
134, 0.6457672
135, 0.6506878
136, 0.652275
137, 0.649537
138, 0.6540607
139, 0.6648941
140, 0.6648941
141, 0.6589417
142, 0.6672751
143, 0.6672751
144, 0.6585449
145, 0.6688623
146, 0.6615211
147, 0.6704496
148, 0.6672751
149, 0.6692592
150, 0.6729629
151, 0.6729629
152, 0.6699867
153, 0.6711771
154, 0.6727512
155, 0.6697751
156, 0.6764418
157, 0.6741005
158, 0.6797714
159, 0.6883573
160, 0.6883573
161, 0.685024
162, 0.6883068
163, 0.6853306
164, 0.6898677
165, 0.6965343
166, 0.6965343
167, 0.6914214
168, 0.692041
169, 0.7024115
170, 0.7024115
171, 0.6962606
172, 0.7018559
173, 0.7022095
174, 0.7089434
175, 0.7063509
176, 0.7069064
177, 0.7032251
178, 0.7098653
179, 0.713569
180, 0.713569
181, 0.7078018
182, 0.7095875
183, 0.7193097
184, 0.7193097
185, 0.7193097
186, 0.7121885
187, 0.7143602
188, 0.7265825
189, 0.7265825
190, 0.7246777
191, 0.7268999
192, 0.7268999
193, 0.7244757
194, 0.7194169
195, 0.7276688
196, 0.7267892
197, 0.7305616
198, 0.7258526
199, 0.7254822
200, 0.7399266
201, 0.7373341
202, 0.7373341
203, 0.7401118
204, 0.7351118
205, 0.7488155
206, 0.7488155
207, 0.7441186
208, 0.7443278
209, 0.7521201
210, 0.747559
211, 0.7449548
212, 0.7566214
213, 0.7543487
214, 0.7571265
215, 0.7571265
216, 0.7554109
217, 0.7552348
218, 0.7555262
219, 0.7523516
220, 0.7576426
221, 0.7624044
222, 0.7596267
223, 0.7601558
224, 0.7623251
225, 0.7626822
226, 0.7668489
227, 0.7668489
228, 0.7589773
229, 0.7695473
230, 0.7695473
231, 0.7695473
232, 0.7695473
233, 0.7695473
234, 0.7695473
235, 0.7695473
236, 0.7695473
237, 0.7617626
238, 0.772543
239, 0.7695668
240, 0.7737334
241, 0.7711409
242, 0.7693613
243, 0.776092
244, 0.7745326
245, 0.776287
246, 0.776287
247, 0.7681388
248, 0.7744406
249, 0.7774277
250, 0.7780337
251, 0.7758788
252, 0.7802728
253, 0.7774819
254, 0.7849818
255, 0.7849818
256, 0.7795814
257, 0.7820814
258, 0.7815229
259, 0.7892007
260, 0.7864229
261, 0.7901266
262, 0.7854297
263, 0.7882615
264, 0.7904136
265, 0.7927945
266, 0.7927945
267, 0.7927945
268, 0.7927945
269, 0.7906577
270, 0.7932218
271, 0.7932218
272, 0.787071
273, 0.7940949
274, 0.7963171
275, 0.7935393
276, 0.7930656
277, 0.7980655
278, 0.7980655
279, 0.7980655
280, 0.7980655
281, 0.7980655
282, 0.796051
283, 0.7984319
284, 0.7940338
285, 0.7968578
286, 0.800191
287, 0.7955838
288, 0.7988739
289, 0.8019043
290, 0.798928
291, 0.80108
292, 0.803461
293, 0.803461
294, 0.7991921
295, 0.8045624
296, 0.8045624
297, 0.8002333
298, 0.8054858
299, 0.8054858
300, 0.8032131
301, 0.8002369
302, 0.8056831
303, 0.80538
304, 0.8087989
305, 0.8071855
306, 0.8092093
307, 0.8105982
308, 0.8143019
309, 0.8143019
310, 0.8121652
311, 0.8147293
312, 0.8121366
313, 0.8131973
314, 0.8159751
315, 0.8140703
316, 0.8162925
317, 0.8120862
318, 0.8173772
319, 0.8152403
320, 0.8152119
321, 0.8159526
322, 0.819286
323, 0.8161114
324, 0.8166435
325, 0.8197424
326, 0.8221234
327, 0.8196992
328, 0.8155422
329, 0.8245878
330, 0.817754
331, 0.8218964
332, 0.8219932
333, 0.8283569
334, 0.8283569
335, 0.8259326
336, 0.8266903
337, 0.8271952
338, 0.8279584
339, 0.8280666
340, 0.8267661
341, 0.8299115
342, 0.8318723
343, 0.8278839
344, 0.8326225
345, 0.8287699
346, 0.8332949
347, 0.8271674
348, 0.8282597
349, 0.8295723
350, 0.835549
351, 0.8375098
352, 0.8354951
353, 0.837876
354, 0.8339337
355, 0.8366764
356, 0.8366259
357, 0.8368111
358, 0.8401443
359, 0.8401443
360, 0.8401443
361, 0.8384287
362, 0.8383749
363, 0.8407558
364, 0.8407558
365, 0.838851
366, 0.8394393
367, 0.8372496
368, 0.8420359
369, 0.8398992
370, 0.838643
371, 0.8431073
372, 0.8388199
373, 0.8399372
374, 0.8447236
375, 0.8403863
376, 0.8458444
377, 0.8458444
378, 0.8435717
379, 0.8463495
380, 0.8443348
381, 0.8451563
382, 0.8469107
383, 0.8443181
384, 0.8458459
385, 0.8459145
386, 0.8457029
387, 0.8475449
388, 0.8492116
389, 0.8471969
390, 0.8478622
391, 0.849823
392, 0.8480175
393, 0.8501008
394, 0.8462484
395, 0.8507732
396, 0.8473337
397, 0.8495532
398, 0.8496092
399, 0.8518314
400, 0.8494072
401, 0.8504228
402, 0.8503795
403, 0.8534098
404, 0.8515051
405, 0.8537273
406, 0.8537273
407, 0.8537273
408, 0.8537273
409, 0.8537273
410, 0.8505509
411, 0.8541495
412, 0.8541495
413, 0.850584
414, 0.8533646
415, 0.8515301
416, 0.8499991
417, 0.8561906
418, 0.8541759
419, 0.856557
420, 0.856557
421, 0.8506895
422, 0.8563172
423, 0.8578323
424, 0.8560268
425, 0.8581101
426, 0.8581101
427, 0.8544614
428, 0.8571348
429, 0.8567525
430, 0.8570439
431, 0.8579168
432, 0.8588216
433, 0.8602708
434, 0.858366
435, 0.857612
436, 0.8617787
437, 0.8617787
438, 0.8602192
439, 0.8597009
440, 0.8608447
441, 0.860891
442, 0.8629743
443, 0.8568643
444, 0.8627643
445, 0.8646162
446, 0.8646162
447, 0.8646162
448, 0.8632986
449, 0.8647479
450, 0.8647479
451, 0.8634798
452, 0.8591544
453, 0.8641871
454, 0.8645477
455, 0.8625041
456, 0.8649048
457, 0.8656986
458, 0.8653811
459, 0.8676033
460, 0.8657978
461, 0.8678811
462, 0.8678811
463, 0.8620871
464, 0.868909
465, 0.8671035
466, 0.8676273
467, 0.8677477
468, 0.8680401
469, 0.8678898
470, 0.8686208
471, 0.8652127
472, 0.8692654
473, 0.868066
474, 0.8718358
475, 0.8681872
476, 0.87242
477, 0.87242
478, 0.87242
479, 0.869213
480, 0.871281
481, 0.8699847
482, 0.8734058
483, 0.8699626
484, 0.8722969
485, 0.8695415
486, 0.8724423
487, 0.8755762
488, 0.8755762
489, 0.873152
490, 0.8761823
491, 0.8749141
492, 0.8748744
493, 0.8764617
494, 0.8749705
495, 0.8735506
496, 0.8770265
497, 0.8686762
498, 0.8770495
499, 0.8783829
500, 0.8767489
501, 0.8744609
502, 0.8727655
503, 0.8804137
504, 0.8804137
505, 0.8782769
506, 0.880841
507, 0.880841
508, 0.8769342
509, 0.8801354
510, 0.8801632
511, 0.8772392
512, 0.8776461
513, 0.881345
514, 0.8834283
515, 0.8834283
516, 0.8797797
517, 0.8840125
518, 0.8827444
519, 0.8841332
520, 0.8809263
521, 0.8845537
522, 0.8845537
523, 0.8830625
524, 0.8833007
525, 0.8848879
526, 0.8829831
527, 0.8824636
528, 0.88386
529, 0.8844897
530, 0.885823
531, 0.8846435
532, 0.8859255
533, 0.8859255
534, 0.884746
535, 0.8845369
536, 0.8822552
537, 0.8828953
538, 0.8872009
539, 0.8872009
540, 0.8853953
541, 0.8874786
542, 0.8856731
543, 0.8859509
544, 0.8880342
545, 0.886543
546, 0.886781
547, 0.8849142
548, 0.8889275
549, 0.8874363
550, 0.8873872
551, 0.889348
552, 0.8845376
553, 0.8899879
554, 0.8887198
555, 0.8901087
556, 0.8886802
557, 0.8853583
558, 0.8909253
559, 0.8892096
560, 0.8897995
561, 0.8913147
562, 0.8913147
563, 0.8902124
564, 0.8883163
565, 0.8917922
566, 0.8901583
567, 0.8909428
568, 0.8903765
569, 0.8923374
570, 0.8894604
571, 0.8926641
572, 0.8897871
573, 0.8929908
574, 0.8929908
575, 0.8929908
576, 0.8917226
577, 0.8916829
578, 0.8918993
579, 0.8913998
580, 0.8937808
581, 0.8921468
582, 0.8939987
583, 0.8939987
584, 0.8879776
585, 0.8947272
586, 0.893505
587, 0.8909189
588, 0.893059
589, 0.8945779
590, 0.8945425
591, 0.8959917
592, 0.8959917
593, 0.8945005
594, 0.8928703
595, 0.8950608
596, 0.895324
597, 0.8969907
598, 0.8940069
599, 0.8934082
600, 0.8977587
601, 0.8965365
602, 0.8933906
603, 0.8955995
604, 0.8964292
605, 0.8974015
606, 0.8980562
607, 0.8982727
608, 0.8997878
609, 0.8982967
610, 0.8964557
611, 0.9005349
612, 0.897139
613, 0.8998483
614, 0.8999082
615, 0.8980474
616, 0.9000764
617, 0.8992932
618, 0.9021918
619, 0.9021918
620, 0.8994951
621, 0.9011538
622, 0.8952318
623, 0.9034802
624, 0.9019207
625, 0.9036751
626, 0.9018696
627, 0.9027734
628, 0.9040555
629, 0.9026269
630, 0.9028967
631, 0.9015866
632, 0.9046421
633, 0.9046421
634, 0.9032713
635, 0.9030707
636, 0.9036029
637, 0.9026047
638, 0.9054428
639, 0.9026967
640, 0.9029338
641, 0.9039304
642, 0.9048787
643, 0.9048994
644, 0.904582
645, 0.9068042
646, 0.9049987
647, 0.9037322
648, 0.9064053
649, 0.906269
650, 0.9077842
651, 0.9062247
652, 0.9069118
653, 0.9080612
654, 0.9069216
655, 0.9052541
656, 0.9084948
657, 0.9072267
658, 0.9086155
659, 0.907476
660, 0.9044018
661, 0.9078402
662, 0.9093554
663, 0.9069355
664, 0.9070849
665, 0.9098072
666, 0.9098072
667, 0.9074717
668, 0.9062393
669, 0.9103927
670, 0.9076937
671, 0.9092541
672, 0.9108414
673, 0.9078366
674, 0.9091618
675, 0.9098616
676, 0.906444
677, 0.9104723
678, 0.9122267
679, 0.9122267
680, 0.9105927
681, 0.9124447
682, 0.9124447
683, 0.9110737
684, 0.9103749
685, 0.9116657
686, 0.911634
687, 0.9129674
688, 0.9117451
689, 0.9130785
690, 0.9130785
691, 0.9130785
692, 0.9121314
693, 0.9131415
694, 0.9131415
695, 0.9131415
696, 0.9119621
697, 0.9120219
698, 0.9121758
699, 0.9109607
700, 0.9125525
701, 0.9124696
702, 0.9102395
703, 0.9142568
704, 0.9142568
705, 0.9142568
706, 0.9142568
707, 0.9127655
708, 0.9128727
709, 0.9120335
710, 0.9138233
711, 0.9137933
712, 0.9138072
713, 0.9151961
714, 0.9130955
715, 0.9153581
716, 0.9153581
717, 0.91409
718, 0.9119748
719, 0.9157807
720, 0.9157807
721, 0.9157807
722, 0.9157807
723, 0.9144632
724, 0.9159125
725, 0.9159125
726, 0.9159125
727, 0.9136706
728, 0.9145362
729, 0.9138889
730, 0.9150756
731, 0.9153948
732, 0.9152925
733, 0.9169592
734, 0.9155306
735, 0.9160506
736, 0.9172
737, 0.9150814
738, 0.9173671
739, 0.9173671
740, 0.9147281
741, 0.9176322
742, 0.9176322
743, 0.9150013
744, 0.916899
745, 0.9146089
746, 0.9171124
747, 0.918347
748, 0.9157389
749, 0.9162053
750, 0.9174057
751, 0.918993
752, 0.9178534
753, 0.9190879
754, 0.917717
755, 0.9166391
756, 0.9183853
757, 0.9185722
758, 0.9185802
759, 0.9185501
760, 0.9177796
761, 0.9191368
762, 0.918898
763, 0.9201326
764, 0.9188151
765, 0.9202644
766, 0.9179827
767, 0.9181525
768, 0.9206524
769, 0.9195129
770, 0.9186609
771, 0.9187688
772, 0.9210704
773, 0.9189273
774, 0.9201348
775, 0.9199545
776, 0.9214696
777, 0.9204022
778, 0.9215517
779, 0.9195736
780, 0.9216906
781, 0.9216906
782, 0.9201993
783, 0.921866
784, 0.921866
785, 0.9205484
786, 0.9219978
787, 0.9219978
788, 0.9219978
789, 0.9193588
790, 0.9222628
791, 0.9222628
792, 0.9212884
793, 0.920038
794, 0.9200331
795, 0.9216675
796, 0.9217907
797, 0.9202517
798, 0.9221817
799, 0.9219219
800, 0.9234371
801, 0.9221689
802, 0.9213611
803, 0.9216015
804, 0.9239004
805, 0.9228659
806, 0.9227547
807, 0.9227706
808, 0.9242199
809, 0.9225042
810, 0.9231969
811, 0.9214248
812, 0.9236885
813, 0.9249231
814, 0.9249231
815, 0.9249231
816, 0.9226205
817, 0.9227355
818, 0.9253343
819, 0.9253343
820, 0.9242319
821, 0.9254225
822, 0.9254225
823, 0.9254225
824, 0.9243202
825, 0.9255106
826, 0.9255106
827, 0.9255106
828, 0.9255106
829, 0.9255106
830, 0.9255106
831, 0.9255106
832, 0.9244083
833, 0.9255989
834, 0.9231085
835, 0.9225026
836, 0.9250343
837, 0.9261838
838, 0.9252368
839, 0.9251073
840, 0.9251624
841, 0.9264445
842, 0.925265
843, 0.9254075
844, 0.9221385
845, 0.9247726
846, 0.9262231
847, 0.9262303
848, 0.9273414
849, 0.9263378
850, 0.926145
851, 0.9275339
852, 0.9263116
853, 0.9276449
854, 0.9276449
855, 0.9265426
856, 0.9266986
857, 0.9256558
858, 0.925853
859, 0.9271416
860, 0.9270374
861, 0.9283194
862, 0.9273725
863, 0.9274616
864, 0.9262727
865, 0.9266091
866, 0.9277251
867, 0.9278618
868, 0.9272694
869, 0.9281178
870, 0.9274423
871, 0.9277404
872, 0.9272879
873, 0.9296719
874, 0.9285323
875, 0.9297668
876, 0.9279249
877, 0.9298856
878, 0.9298856
879, 0.9298856
880, 0.9280148
881, 0.9289066
882, 0.927882
883, 0.9292465
884, 0.9303576
885, 0.9290401
886, 0.9280877
887, 0.930703
888, 0.9296007
889, 0.9288508
890, 0.9277086
891, 0.9278306
892, 0.9305528
893, 0.9304707
894, 0.9306608
895, 0.9306943
896, 0.9291108
897, 0.931968
898, 0.929897
899, 0.9321218
900, 0.9309821
901, 0.9322166
902, 0.9322166
903, 0.9322166
904, 0.9303397
905, 0.9313692
906, 0.9314899
907, 0.931574
908, 0.9302845
909, 0.9306328
910, 0.932865
911, 0.9315969
912, 0.9315572
913, 0.9300628
914, 0.9333717
915, 0.9305207
916, 0.9335636
917, 0.9335636
918, 0.9335636
919, 0.9314022
920, 0.9309012
921, 0.930844
922, 0.9320089
923, 0.9343591
924, 0.9311814
925, 0.9346063
926, 0.9336853
927, 0.9335983
928, 0.9338515
929, 0.9348038
930, 0.932
931, 0.9322193
932, 0.9351718
933, 0.9341682
934, 0.9352435
935, 0.9352435
936, 0.9352435
937, 0.9331023
938, 0.9343826
939, 0.9354937
940, 0.9354937
941, 0.9354937
942, 0.9354937
943, 0.9354937
944, 0.9354937
945, 0.9354937
946, 0.9354937
947, 0.9344265
948, 0.9355758
949, 0.9355758
950, 0.9355758
951, 0.9345415
952, 0.9335095
953, 0.9349894
954, 0.9358667
955, 0.9358667
956, 0.9358667
957, 0.934863
958, 0.9339293
959, 0.9360821
960, 0.9353097
961, 0.935313
962, 0.9352947
963, 0.9352462
964, 0.9362878
965, 0.9362878
966, 0.9362878
967, 0.9353409
968, 0.9344965
969, 0.9354382
970, 0.9345422
971, 0.9366927
972, 0.9356254
973, 0.9349204
974, 0.9368966
975, 0.9368966
976, 0.9368966
977, 0.9368966
978, 0.9368966
979, 0.9368966
980, 0.935893
981, 0.9360213
982, 0.9341716
983, 0.9362508
984, 0.936318
985, 0.9365299
986, 0.9374071
987, 0.9374071
988, 0.9374071
989, 0.9348088
990, 0.937565
991, 0.937565
992, 0.937565
993, 0.937565
994, 0.937565
995, 0.9358342
996, 0.9369311
997, 0.9367318
998, 0.936739
999, 0.9359192
